{"cameraMode":{"drawMode":0,"name":"Shaded","section":"Shading Mode"},"sceneLighting":true,"audioPlay":false,"sceneViewState":{"m_AlwaysRefresh":false,"showFog":true,"showSkybox":true,"showFlares":true,"showImageEffects":true,"showParticleSystems":true,"showVisualEffectGraphs":true,"m_FxEnabled":true},"in2DMode":false,"pivot":{"x":0.9019255638122559,"y":1.6372478008270264,"z":1.3832995891571046},"rotation":{"x":0.21762603521347047,"y":-0.5773307085037231,"z":0.16315723955631257,"w":0.7699183821678162},"size":1.5929464101791382,"orthographic":false}